{
  "xgb": {
    "n_estimators": 1888,
    "max_depth": 7,
    "learning_rate": 0.2414311781428554,
    "subsample": 0.7286288892178304,
    "colsample_bytree": 0.864841791010002,
    "min_child_weight": 8,
    "gamma": 0.483143630924129,
    "reg_alpha": 0.09232796365397322,
    "reg_lambda": 1.547294103023876
  },
  "lgb": {
    "n_estimators": 339,
    "max_depth": 7,
    "learning_rate": 0.06060031043427039,
    "subsample": 0.6993942361654893,
    "colsample_bytree": 0.9997723443220761,
    "min_child_samples": 45,
    "reg_alpha": 1.1740779841009457,
    "reg_lambda": 0.6263974188567069,
    "num_leaves": 73
  },
  "ensemble_weights": {
    "xgb": 0.448766082590431,
    "lgb": 0.2636909375719267,
    "lr": 0.23441046087413608,
    "mlp": 0.05313251896350629
  },
  "cv_log_loss": {
    "xgb_only": 0.29596415629182776,
    "lgb_only": 0.3113150965914998,
    "ensemble": 0.2795930646626278
  }
}