{
  "xgb": {
    "n_estimators": 1829,
    "max_depth": 6,
    "learning_rate": 0.07090346042851085,
    "subsample": 0.9531725244754935,
    "colsample_bytree": 0.894682787723588,
    "min_child_weight": 5,
    "gamma": 0.2847194484363131,
    "reg_alpha": 0.09950458517475276,
    "reg_lambda": 3.1925672405416092
  },
  "lgb": {
    "n_estimators": 1436,
    "max_depth": 5,
    "learning_rate": 0.022269257178814724,
    "subsample": 0.9661997003291556,
    "colsample_bytree": 0.9769714058254981,
    "min_child_samples": 36,
    "reg_alpha": 1.8304663590215482,
    "reg_lambda": 3.48257231468353,
    "num_leaves": 30
  },
  "ensemble_weights": {
    "xgb": 0.11177336068726353,
    "lgb": 0.10816138614520525,
    "lr": 0.7800652531675313
  },
  "cv_log_loss": {
    "xgb_only": 0.3278921589988069,
    "lgb_only": 0.32950802320525857,
    "ensemble": 0.27382928118283106
  }
}